<?xml version="1.0" encoding="UTF-8" standalone="yes"?><rss version="2.0" xmlns:media="http://search.yahoo.com/mrss/"><channel><generator>NFE/5.0</generator><title>"" Archer Chiang "" - Google News</title><link>https://news.google.com/search?q=%22+Archer+Chiang+%22&amp;hl=en-US&amp;gl=US&amp;ceid=US:en</link><language>en-US</language><webMaster>news-webmaster@google.com</webMaster><copyright>2022 Google Inc.</copyright><lastBuildDate>Mon, 23 May 2022 14:14:44 GMT</lastBuildDate><description>Google News</description><item><title>Gifting to employees? Consider offering them your gratitude - Human Resource Executive®</title><link>https://hrexecutive.com/gifting-to-employees-consider-offering-them-your-gratitude/</link><guid isPermaLink="false">CBMiU2h0dHBzOi8vaHJleGVjdXRpdmUuY29tL2dpZnRpbmctdG8tZW1wbG95ZWVzLWNvbnNpZGVyLW9mZmVyaW5nLXRoZW0teW91ci1ncmF0aXR1ZGUv0gEA</guid><pubDate>Thu, 02 Dec 2021 08:00:00 GMT</pubDate><description>&lt;a href="https://hrexecutive.com/gifting-to-employees-consider-offering-them-your-gratitude/" target="_blank"&gt;Gifting to employees? Consider offering them your gratitude&lt;/a&gt;&amp;nbsp;&amp;nbsp;&lt;font color="#6f6f6f"&gt;Human Resource Executive®&lt;/font&gt;</description><source url="https://hrexecutive.com">Human Resource Executive®</source></item><item><title>Corporate gift spending more than doubled during the pandemic, according to Giftpack - PR Newswire</title><link>https://www.prnewswire.com/news-releases/corporate-gift-spending-more-than-doubled-during-the-pandemic-according-to-giftpack-301442302.html</link><guid isPermaLink="false">CBMiiwFodHRwczovL3d3dy5wcm5ld3N3aXJlLmNvbS9uZXdzLXJlbGVhc2VzL2NvcnBvcmF0ZS1naWZ0LXNwZW5kaW5nLW1vcmUtdGhhbi1kb3VibGVkLWR1cmluZy10aGUtcGFuZGVtaWMtYWNjb3JkaW5nLXRvLWdpZnRwYWNrLTMwMTQ0MjMwMi5odG1s0gEA</guid><pubDate>Mon, 13 Dec 2021 08:00:00 GMT</pubDate><description>&lt;a href="https://www.prnewswire.com/news-releases/corporate-gift-spending-more-than-doubled-during-the-pandemic-according-to-giftpack-301442302.html" target="_blank"&gt;Corporate gift spending more than doubled during the pandemic, according to Giftpack&lt;/a&gt;&amp;nbsp;&amp;nbsp;&lt;font color="#6f6f6f"&gt;PR Newswire&lt;/font&gt;</description><source url="https://www.prnewswire.com">PR Newswire</source></item><item><title>AI-powered service Giftpack raises funds to transform corporate and personal gifting - PR Newswire</title><link>https://www.prnewswire.com/news-releases/ai-powered-service-giftpack-raises-funds-to-transform-corporate-and-personal-gifting-301507382.html</link><guid isPermaLink="false">CBMijAFodHRwczovL3d3dy5wcm5ld3N3aXJlLmNvbS9uZXdzLXJlbGVhc2VzL2FpLXBvd2VyZWQtc2VydmljZS1naWZ0cGFjay1yYWlzZXMtZnVuZHMtdG8tdHJhbnNmb3JtLWNvcnBvcmF0ZS1hbmQtcGVyc29uYWwtZ2lmdGluZy0zMDE1MDczODIuaHRtbNIBAA</guid><pubDate>Tue, 22 Mar 2022 07:00:00 GMT</pubDate><description>&lt;a href="https://www.prnewswire.com/news-releases/ai-powered-service-giftpack-raises-funds-to-transform-corporate-and-personal-gifting-301507382.html" target="_blank"&gt;AI-powered service Giftpack raises funds to transform corporate and personal gifting&lt;/a&gt;&amp;nbsp;&amp;nbsp;&lt;font color="#6f6f6f"&gt;PR Newswire&lt;/font&gt;</description><source url="https://www.prnewswire.com">PR Newswire</source></item></channel></rss>