<?xml version="1.0" encoding="UTF-8" standalone="yes"?><rss version="2.0" xmlns:media="http://search.yahoo.com/mrss/"><channel><generator>NFE/5.0</generator><title>"" Monal Patel "" - Google News</title><link>https://news.google.com/search?q=%22+Monal+Patel+%22&amp;hl=en-US&amp;gl=US&amp;ceid=US:en</link><language>en-US</language><webMaster>news-webmaster@google.com</webMaster><copyright>2022 Google Inc.</copyright><lastBuildDate>Mon, 23 May 2022 16:46:32 GMT</lastBuildDate><description>Google News</description><item><title>She chose medicine because of her grandparents. Now she'll heal others - The Arizona Republic</title><link>https://www.azcentral.com/mosaic-story/news/local/arizona-people/2022/05/22/she-chose-medicine-because-her-grandparents-now-shell-heal-others/9681638002/</link><guid isPermaLink="false">CAIiECjXWyicOqNUGAmzyEhayQ8qGQgEKhAIACoHCAowtv3_CjCSposDMLX54gU</guid><pubDate>Sun, 22 May 2022 13:01:45 GMT</pubDate><description>&lt;a href="https://www.azcentral.com/mosaic-story/news/local/arizona-people/2022/05/22/she-chose-medicine-because-her-grandparents-now-shell-heal-others/9681638002/" target="_blank"&gt;She chose medicine because of her grandparents. Now she'll heal others&lt;/a&gt;&amp;nbsp;&amp;nbsp;&lt;font color="#6f6f6f"&gt;The Arizona Republic&lt;/font&gt;</description><source url="https://www.azcentral.com">The Arizona Republic</source></item><item><title>Identification of the toxic 6mer seed consensus for human cancer cells | Scientific Reports - Nature.com</title><link>https://www.nature.com/articles/s41598-022-09051-w</link><guid isPermaLink="false">CBMiMmh0dHBzOi8vd3d3Lm5hdHVyZS5jb20vYXJ0aWNsZXMvczQxNTk4LTAyMi0wOTA1MS130gEA</guid><pubDate>Thu, 24 Mar 2022 07:00:00 GMT</pubDate><description>&lt;a href="https://www.nature.com/articles/s41598-022-09051-w" target="_blank"&gt;Identification of the toxic 6mer seed consensus for human cancer cells | Scientific Reports&lt;/a&gt;&amp;nbsp;&amp;nbsp;&lt;font color="#6f6f6f"&gt;Nature.com&lt;/font&gt;</description><source url="https://www.nature.com">Nature.com</source></item><item><title>Vasanti Cosmetics: How One Insult Led to the Formation of a 18-Year-Old Beauty Brand - BrownGirlMag</title><link>https://browngirlmagazine.com/2019/11/vasanti-cosmetics-how-one-insult-led-to-the-formation-of-a-18-year-old-beauty-brand/</link><guid isPermaLink="false">CBMiemh0dHBzOi8vYnJvd25naXJsbWFnYXppbmUuY29tLzIwMTkvMTEvdmFzYW50aS1jb3NtZXRpY3MtaG93LW9uZS1pbnN1bHQtbGVkLXRvLXRoZS1mb3JtYXRpb24tb2YtYS0xOC15ZWFyLW9sZC1iZWF1dHktYnJhbmQv0gEA</guid><pubDate>Fri, 15 Nov 2019 08:00:00 GMT</pubDate><description>&lt;a href="https://browngirlmagazine.com/2019/11/vasanti-cosmetics-how-one-insult-led-to-the-formation-of-a-18-year-old-beauty-brand/" target="_blank"&gt;Vasanti Cosmetics: How One Insult Led to the Formation of a 18-Year-Old Beauty Brand&lt;/a&gt;&amp;nbsp;&amp;nbsp;&lt;font color="#6f6f6f"&gt;BrownGirlMag&lt;/font&gt;</description><source url="https://browngirlmagazine.com">BrownGirlMag</source></item><item><title>Suicide molecules kill any cancer cell: Time traveling hundreds of millions of years to unleash one of nature's original kill switches - Science Daily</title><link>https://www.sciencedaily.com/releases/2017/10/171019134524.htm</link><guid isPermaLink="false">CBMiPmh0dHBzOi8vd3d3LnNjaWVuY2VkYWlseS5jb20vcmVsZWFzZXMvMjAxNy8xMC8xNzEwMTkxMzQ1MjQuaHRt0gEA</guid><pubDate>Thu, 19 Oct 2017 07:00:00 GMT</pubDate><description>&lt;a href="https://www.sciencedaily.com/releases/2017/10/171019134524.htm" target="_blank"&gt;Suicide molecules kill any cancer cell: Time traveling hundreds of millions of years to unleash one of nature's original kill switches&lt;/a&gt;&amp;nbsp;&amp;nbsp;&lt;font color="#6f6f6f"&gt;Science Daily&lt;/font&gt;</description><source url="https://www.sciencedaily.com">Science Daily</source></item></channel></rss>