<?xml version="1.0" encoding="UTF-8" standalone="yes"?><rss version="2.0" xmlns:media="http://search.yahoo.com/mrss/"><channel><generator>NFE/5.0</generator><title>"" Anju Aggarwal "" - Google News</title><link>https://news.google.com/search?q=%22+Anju+Aggarwal+%22&amp;hl=en-US&amp;gl=US&amp;ceid=US:en</link><language>en-US</language><webMaster>news-webmaster@google.com</webMaster><copyright>2022 Google Inc.</copyright><lastBuildDate>Mon, 23 May 2022 16:22:32 GMT</lastBuildDate><description>Google News</description><item><title>5 legaltech startups that are leveraging technology to enable quick justice - YourStory</title><link>https://yourstory.com/2022/05/legaltech-startups-jupitice-soolegal-mikelegal-spotdraft-legalkart/amp</link><guid isPermaLink="false">CAIiEEu9yROofIYGk5GzNlw0k9IqGQgEKhAIACoHCAow6-iECzC_7YEDMIfQhAY</guid><pubDate>Mon, 16 May 2022 12:21:00 GMT</pubDate><description>&lt;a href="https://yourstory.com/2022/05/legaltech-startups-jupitice-soolegal-mikelegal-spotdraft-legalkart/amp" target="_blank"&gt;5 legaltech startups that are leveraging technology to enable quick justice&lt;/a&gt;&amp;nbsp;&amp;nbsp;&lt;font color="#6f6f6f"&gt;YourStory&lt;/font&gt;</description><source url="https://yourstory.com">YourStory</source></item><item><title>Protect yourself with Influenza vaccine in this flu season - SBS</title><link>https://www.sbs.com.au/language/english/audio/protect-yourself-with-influenza-vaccine-in-this-flu-season</link><guid isPermaLink="false">CBMiaGh0dHBzOi8vd3d3LnNicy5jb20uYXUvbGFuZ3VhZ2UvZW5nbGlzaC9hdWRpby9wcm90ZWN0LXlvdXJzZWxmLXdpdGgtaW5mbHVlbnphLXZhY2NpbmUtaW4tdGhpcy1mbHUtc2Vhc29u0gEA</guid><pubDate>Fri, 06 May 2022 07:00:00 GMT</pubDate><description>&lt;a href="https://www.sbs.com.au/language/english/audio/protect-yourself-with-influenza-vaccine-in-this-flu-season" target="_blank"&gt;Protect yourself with Influenza vaccine in this flu season&lt;/a&gt;&amp;nbsp;&amp;nbsp;&lt;font color="#6f6f6f"&gt;SBS&lt;/font&gt;</description><source url="https://www.sbs.com.au">SBS</source></item><item><title>Chandigarh-based startup Jupitice launches online dispute resolution platform - Economic Times</title><link>https://economictimes.indiatimes.com/tech/startups/chandigarh-based-startup-jupitice-launches-online-dispute-resolution-platform/articleshow/82702226.cms</link><guid isPermaLink="false">CAIiEKgAtuT7vXEg0tL8w0-XBiIqGQgEKhAIACoHCAow2pqGCzD954MDMOKPmgY</guid><pubDate>Mon, 17 May 2021 07:00:31 GMT</pubDate><description>&lt;a href="https://economictimes.indiatimes.com/tech/startups/chandigarh-based-startup-jupitice-launches-online-dispute-resolution-platform/articleshow/82702226.cms" target="_blank"&gt;Chandigarh-based startup Jupitice launches online dispute resolution platform&lt;/a&gt;&amp;nbsp;&amp;nbsp;&lt;font color="#6f6f6f"&gt;Economic Times&lt;/font&gt;</description><source url="https://economictimes.indiatimes.com">Economic Times</source></item></channel></rss>