<?xml version="1.0" encoding="UTF-8" standalone="yes"?><rss version="2.0" xmlns:media="http://search.yahoo.com/mrss/"><channel><generator>NFE/5.0</generator><title>"" Arjun Vora "" - Google News</title><link>https://news.google.com/search?q=%22+Arjun+Vora+%22&amp;hl=en-US&amp;gl=US&amp;ceid=US:en</link><language>en-US</language><webMaster>news-webmaster@google.com</webMaster><copyright>2022 Google Inc.</copyright><lastBuildDate>Mon, 23 May 2022 17:14:27 GMT</lastBuildDate><description>Google News</description><item><title>Zira Raises $3.1M to Revolutionize Workforces Globally - GlobeNewswire</title><link>https://www.globenewswire.com/news-release/2020/10/07/2104983/0/en/Zira-Raises-3-1M-to-Revolutionize-Workforces-Globally.html</link><guid isPermaLink="false">CAIiEL1n-XcfpTEDvPj567h5DYIqMwgEKioIACIQQrm4wrRfaVTiY_by5KwsfyoUCAoiEEK5uMK0X2lU4mP28uSsLH8wh_HIBg</guid><pubDate>Wed, 07 Oct 2020 07:00:00 GMT</pubDate><description>&lt;a href="https://www.globenewswire.com/news-release/2020/10/07/2104983/0/en/Zira-Raises-3-1M-to-Revolutionize-Workforces-Globally.html" target="_blank"&gt;Zira Raises $3.1M to Revolutionize Workforces Globally&lt;/a&gt;&amp;nbsp;&amp;nbsp;&lt;font color="#6f6f6f"&gt;GlobeNewswire&lt;/font&gt;</description><source url="https://www.globenewswire.com">GlobeNewswire</source></item></channel></rss>