<?xml version="1.0" encoding="UTF-8" standalone="yes"?><rss version="2.0" xmlns:media="http://search.yahoo.com/mrss/"><channel><generator>NFE/5.0</generator><title>"" Neil Gramopadhye "" - Google News</title><link>https://news.google.com/search?q=%22+Neil+Gramopadhye+%22&amp;hl=en-US&amp;gl=US&amp;ceid=US:en</link><language>en-US</language><webMaster>news-webmaster@google.com</webMaster><copyright>2022 Google Inc.</copyright><lastBuildDate>Mon, 23 May 2022 14:37:09 GMT</lastBuildDate><description>Google News</description><item><title>ADT Invests in Percepta Labs, “Ethical AI” Security Technology Startup - Security Today</title><link>https://securitytoday.com/articles/2020/09/21/adt-invests-in-percepta-labs.aspx</link><guid isPermaLink="false">CBMiT2h0dHBzOi8vc2VjdXJpdHl0b2RheS5jb20vYXJ0aWNsZXMvMjAyMC8wOS8yMS9hZHQtaW52ZXN0cy1pbi1wZXJjZXB0YS1sYWJzLmFzcHjSAQA</guid><pubDate>Mon, 21 Sep 2020 07:00:00 GMT</pubDate><description>&lt;a href="https://securitytoday.com/articles/2020/09/21/adt-invests-in-percepta-labs.aspx" target="_blank"&gt;ADT Invests in Percepta Labs, “Ethical AI” Security Technology Startup&lt;/a&gt;&amp;nbsp;&amp;nbsp;&lt;font color="#6f6f6f"&gt;Security Today&lt;/font&gt;</description><source url="https://securitytoday.com">Security Today</source></item></channel></rss>