<?xml version="1.0" encoding="UTF-8" standalone="yes"?><rss version="2.0" xmlns:media="http://search.yahoo.com/mrss/"><channel><generator>NFE/5.0</generator><title>"" Philippe Sawaya "" - Google News</title><link>https://news.google.com/search?q=%22+Philippe+Sawaya+%22&amp;hl=en-US&amp;gl=US&amp;ceid=US:en</link><language>en-US</language><webMaster>news-webmaster@google.com</webMaster><copyright>2022 Google Inc.</copyright><lastBuildDate>Mon, 23 May 2022 14:35:43 GMT</lastBuildDate><description>Google News</description><item><title>ADT Invests in Percepta Labs, “Ethical AI” Security Technology Startup - GlobeNewswire</title><link>https://www.globenewswire.com/news-release/2020/09/21/2096456/0/en/ADT-Invests-in-Percepta-Labs-Ethical-AI-Security-Technology-Startup.html</link><guid isPermaLink="false">CAIiEAkDWkL__xlp4Co0S4IwIHUqMwgEKioIACIQQrm4wrRfaVTiY_by5KwsfyoUCAoiEEK5uMK0X2lU4mP28uSsLH8wh_HIBg</guid><pubDate>Mon, 21 Sep 2020 07:00:00 GMT</pubDate><description>&lt;a href="https://www.globenewswire.com/news-release/2020/09/21/2096456/0/en/ADT-Invests-in-Percepta-Labs-Ethical-AI-Security-Technology-Startup.html" target="_blank"&gt;ADT Invests in Percepta Labs, “Ethical AI” Security Technology Startup&lt;/a&gt;&amp;nbsp;&amp;nbsp;&lt;font color="#6f6f6f"&gt;GlobeNewswire&lt;/font&gt;</description><source url="https://www.globenewswire.com">GlobeNewswire</source></item><item><title>RealLIST Startups 2021 check-in: How have Philly's most promising young companies grown, 9 months later? - Technical.ly</title><link>https://technical.ly/startups/reallist-startups-check-in/</link><guid isPermaLink="false">CBMiOWh0dHBzOi8vdGVjaG5pY2FsLmx5L3N0YXJ0dXBzL3JlYWxsaXN0LXN0YXJ0dXBzLWNoZWNrLWluL9IBAA</guid><pubDate>Thu, 14 Oct 2021 07:00:00 GMT</pubDate><description>&lt;a href="https://technical.ly/startups/reallist-startups-check-in/" target="_blank"&gt;RealLIST Startups 2021 check-in: How have Philly's most promising young companies grown, 9 months later?&lt;/a&gt;&amp;nbsp;&amp;nbsp;&lt;font color="#6f6f6f"&gt;Technical.ly&lt;/font&gt;</description><source url="https://technical.ly">Technical.ly</source></item><item><title>Pennovation Accelerator moves online | Penn Today - Penn Today</title><link>https://penntoday.upenn.edu/news/pennovation-accelerator-moves-online</link><guid isPermaLink="false">CBMiRWh0dHBzOi8vcGVubnRvZGF5LnVwZW5uLmVkdS9uZXdzL3Blbm5vdmF0aW9uLWFjY2VsZXJhdG9yLW1vdmVzLW9ubGluZdIBAA</guid><pubDate>Tue, 21 Jul 2020 07:00:00 GMT</pubDate><description>&lt;a href="https://penntoday.upenn.edu/news/pennovation-accelerator-moves-online" target="_blank"&gt;Pennovation Accelerator moves online | Penn Today&lt;/a&gt;&amp;nbsp;&amp;nbsp;&lt;font color="#6f6f6f"&gt;Penn Today&lt;/font&gt;</description><source url="https://penntoday.upenn.edu">Penn Today</source></item></channel></rss>