<?xml version="1.0" encoding="UTF-8" standalone="yes"?><rss version="2.0" xmlns:media="http://search.yahoo.com/mrss/"><channel><generator>NFE/5.0</generator><title>""percepta-543d"" - Google News</title><link>https://news.google.com/search?q=%22percepta-543d%22&amp;hl=en-US&amp;gl=US&amp;ceid=US:en</link><language>en-US</language><webMaster>news-webmaster@google.com</webMaster><copyright>2022 Google Inc.</copyright><lastBuildDate>Mon, 23 May 2022 15:49:12 GMT</lastBuildDate><description>Google News</description></channel></rss>